,dates,finalBalance,perfVSUSD,holdPercentage,vsHoldPercentage,bestTrade,worstTrade,drawDown,taxes,totalTrades,totalGoodTrades,totalBadTrades,winRateRatio,tradesPerformance,averagePercentagePositivTrades,averagePercentageNegativTrades,startingBalance,maxPositions,parametrePVO2,parametrePERF,parametreTRIX_HISTO,parametrePVO,parametreBOL_BANDwindowdev,parametreBOL_BANDwindow,parametreMACD,parametreEMA13D,parametreEMA9D,parametreEMA10,parametreEMA50,parametreEMA45
0,[2021-09-01 00:00:00] -> [2021-10-01 23:55:00],750.34,-24.94,2.32,-26.64,10.51,-3.77,50.78,357.73,529.0,167.0,362.0,31.57,-0.01,1.46,-0.68,1000,2,-5,0,-10.0,0,1.2,20,20,312,216,10,50,45
1,[2021-09-01 00:00:00] -> [2021-10-01 23:55:00],917.4,-8.23,2.32,-10.31,11.02,-6.26,38.81,279.51,352.0,118.0,234.0,33.52,0.03,1.8,-0.87,1000,2,-5,0,-10.0,0,1.2,30,20,312,216,10,50,45
2,[2021-09-01 00:00:00] -> [2021-10-01 23:55:00],786.7,-21.3,2.32,-23.08,10.28,-6.26,39.02,203.98,294.0,107.0,187.0,36.39,-0.03,1.79,-1.07,1000,2,-5,0,-10.0,0,1.2,40,20,312,216,10,50,45
3,[2021-09-01 00:00:00] -> [2021-10-01 23:55:00],989.77,-0.99,2.32,-3.23,9.5,-5.52,38.6,332.0,401.0,133.0,268.0,33.17,0.05,1.8,-0.82,1000,2,-5,0,-10.0,0,1.6,20,20,312,216,10,50,45
4,[2021-09-01 00:00:00] -> [2021-10-01 23:55:00],1157.37,15.78,2.32,13.16,10.18,-6.26,28.29,250.79,284.0,106.0,178.0,37.32,0.11,2.01,-1.02,1000,2,-5,0,-10.0,0,1.6,30,20,312,216,10,50,45
5,[2021-09-01 00:00:00] -> [2021-10-01 23:55:00],1043.96,4.43,2.32,2.07,13.56,-6.37,37.7,204.19,232.0,82.0,150.0,35.34,0.08,2.32,-1.14,1000,2,-5,0,-10.0,0,1.6,40,20,312,216,10,50,45
6,[2021-09-01 00:00:00] -> [2021-10-01 23:55:00],956.03,-4.36,2.32,-6.53,10.5,-5.45,35.16,234.3,288.0,104.0,184.0,36.11,0.04,1.87,-1.0,1000,2,-5,0,-10.0,0,2.0,20,20,312,216,10,50,45
7,[2021-09-01 00:00:00] -> [2021-10-01 23:55:00],785.08,-21.46,2.32,-23.24,10.18,-6.26,44.72,162.37,215.0,74.0,141.0,34.42,-0.05,2.2,-1.23,1000,2,-5,0,-10.0,0,2.0,30,20,312,216,10,50,45
8,[2021-09-01 00:00:00] -> [2021-10-01 23:55:00],662.17,-33.76,2.32,-35.26,13.52,-6.37,47.06,114.41,183.0,58.0,125.0,31.69,-0.16,2.6,-1.43,1000,2,-5,0,-10.0,0,2.0,40,20,312,216,10,50,45
9,[2021-09-01 00:00:00] -> [2021-10-01 23:55:00],874.4,-12.53,2.32,-14.51,9.8,-5.45,43.63,117.72,166.0,56.0,110.0,33.73,-0.02,2.5,-1.3,1000,2,-5,0,-10.0,0,2.4,20,20,312,216,10,50,45
10,[2021-09-01 00:00:00] -> [2021-10-01 23:55:00],640.35,-35.94,2.32,-37.39,12.85,-7.36,57.78,111.42,152.0,49.0,103.0,32.24,-0.22,2.65,-1.58,1000,2,-5,0,-10.0,0,2.4,30,20,312,216,10,50,45
11,[2021-09-01 00:00:00] -> [2021-10-01 23:55:00],759.68,-24.01,2.32,-25.73,12.8,-7.87,52.56,99.94,120.0,41.0,79.0,34.17,-0.13,3.38,-1.96,1000,2,-5,0,-10.0,0,2.4,40,20,312,216,10,50,45
12,[2021-09-01 00:00:00] -> [2021-10-01 23:55:00],754.14,-24.56,2.32,-26.27,16.44,-9.35,41.93,58.43,87.0,31.0,56.0,35.63,-0.22,3.15,-2.09,1000,2,-5,0,-10.0,0,2.8,20,20,312,216,10,50,45
13,[2021-09-01 00:00:00] -> [2021-10-01 23:55:00],676.21,-32.35,2.32,-33.89,15.06,-11.53,44.83,50.1,74.0,27.0,47.0,36.49,-0.41,3.34,-2.56,1000,2,-5,0,-10.0,0,2.8,30,20,312,216,10,50,45
14,[2021-09-01 00:00:00] -> [2021-10-01 23:55:00],1087.85,8.82,2.32,6.36,9.26,-6.02,33.25,58.46,63.0,26.0,37.0,41.27,0.24,4.03,-2.42,1000,2,-5,0,-10.0,0,2.8,40,20,312,216,10,50,45
15,[2021-09-01 00:00:00] -> [2021-10-01 23:55:00],797.2,-20.25,2.32,-22.06,10.41,-3.77,52.45,356.59,501.0,166.0,335.0,33.13,0.0,1.42,-0.7,1000,2,-5,0,-10.0,5,1.2,20,20,312,216,10,50,45
16,[2021-09-01 00:00:00] -> [2021-10-01 23:55:00],879.26,-12.04,2.32,-14.03,10.19,-6.28,38.11,249.52,338.0,110.0,228.0,32.54,0.01,1.86,-0.88,1000,2,-5,0,-10.0,5,1.2,30,20,312,216,10,50,45
17,[2021-09-01 00:00:00] -> [2021-10-01 23:55:00],1143.17,14.36,2.32,11.77,10.95,-6.28,31.96,236.4,267.0,98.0,169.0,36.7,0.11,2.03,-1.01,1000,2,-5,0,-10.0,5,1.2,40,20,312,216,10,50,45
18,[2021-09-01 00:00:00] -> [2021-10-01 23:55:00],974.25,-2.54,2.32,-4.75,9.58,-5.52,33.91,300.53,387.0,126.0,261.0,32.56,0.04,1.72,-0.77,1000,2,-5,0,-10.0,5,1.6,20,20,312,216,10,50,45
19,[2021-09-01 00:00:00] -> [2021-10-01 23:55:00],1134.05,13.44,2.32,10.88,10.18,-6.28,25.52,228.93,266.0,102.0,164.0,38.35,0.1,1.98,-1.06,1000,2,-5,0,-10.0,5,1.6,30,20,312,216,10,50,45
20,[2021-09-01 00:00:00] -> [2021-10-01 23:55:00],1046.5,4.69,2.32,2.32,11.45,-6.39,31.91,189.39,216.0,79.0,137.0,36.57,0.08,2.25,-1.16,1000,2,-5,0,-10.0,5,1.6,40,20,312,216,10,50,45
21,[2021-09-01 00:00:00] -> [2021-10-01 23:55:00],1127.58,12.8,2.32,10.24,10.5,-5.45,29.79,220.86,265.0,98.0,167.0,36.98,0.1,1.97,-1.0,1000,2,-5,0,-10.0,5,2.0,20,20,312,216,10,50,45
22,[2021-09-01 00:00:00] -> [2021-10-01 23:55:00],870.48,-12.92,2.32,-14.89,10.18,-6.28,36.13,149.86,205.0,72.0,133.0,35.12,-0.0,2.29,-1.25,1000,2,-5,0,-10.0,5,2.0,30,20,312,216,10,50,45
23,[2021-09-01 00:00:00] -> [2021-10-01 23:55:00],832.74,-16.7,2.32,-18.58,13.38,-6.39,37.86,121.36,174.0,56.0,118.0,32.18,-0.03,2.82,-1.38,1000,2,-5,0,-10.0,5,2.0,40,20,312,216,10,50,45
24,[2021-09-01 00:00:00] -> [2021-10-01 23:55:00],919.21,-8.05,2.32,-10.13,9.8,-6.47,39.13,113.26,157.0,52.0,105.0,33.12,0.02,2.72,-1.32,1000,2,-5,0,-10.0,5,2.4,20,20,312,216,10,50,45
25,[2021-09-01 00:00:00] -> [2021-10-01 23:55:00],664.81,-33.5,2.32,-35.0,11.64,-7.36,51.73,105.61,147.0,48.0,99.0,32.65,-0.21,2.55,-1.55,1000,2,-5,0,-10.0,5,2.4,30,20,312,216,10,50,45
26,[2021-09-01 00:00:00] -> [2021-10-01 23:55:00],671.29,-32.85,2.32,-34.37,10.39,-7.0,52.82,88.29,119.0,41.0,78.0,34.45,-0.25,2.81,-1.87,1000,2,-5,0,-10.0,5,2.4,40,20,312,216,10,50,45
27,[2021-09-01 00:00:00] -> [2021-10-01 23:55:00],705.76,-29.4,2.32,-31.0,7.61,-8.29,41.26,53.45,83.0,28.0,55.0,33.73,-0.33,3.03,-2.04,1000,2,-5,0,-10.0,5,2.8,20,20,312,216,10,50,45
28,[2021-09-01 00:00:00] -> [2021-10-01 23:55:00],686.96,-31.28,2.32,-32.84,10.25,-9.78,39.69,46.44,71.0,24.0,47.0,33.8,-0.43,3.19,-2.28,1000,2,-5,0,-10.0,5,2.8,30,20,312,216,10,50,45
29,[2021-09-01 00:00:00] -> [2021-10-01 23:55:00],798.52,-20.12,2.32,-21.93,9.55,-7.97,42.65,49.48,64.0,24.0,40.0,37.5,-0.24,3.69,-2.6,1000,2,-5,0,-10.0,5,2.8,40,20,312,216,10,50,45
30,[2021-09-01 00:00:00] -> [2021-10-01 23:55:00],844.05,-15.57,2.32,-17.48,12.59,-4.39,47.06,308.61,441.0,143.0,298.0,32.43,0.01,1.44,-0.68,1000,2,-5,0,-10.0,10,1.2,20,20,312,216,10,50,45
31,[2021-09-01 00:00:00] -> [2021-10-01 23:55:00],883.32,-11.64,2.32,-13.64,11.32,-6.85,31.0,220.17,311.0,108.0,203.0,34.73,0.01,1.71,-0.89,1000,2,-5,0,-10.0,10,1.2,30,20,312,216,10,50,45
32,[2021-09-01 00:00:00] -> [2021-10-01 23:55:00],839.78,-15.99,2.32,-17.89,11.79,-6.85,36.0,180.62,253.0,93.0,160.0,36.76,-0.01,1.77,-1.05,1000,2,-5,0,-10.0,10,1.2,40,20,312,216,10,50,45
33,[2021-09-01 00:00:00] -> [2021-10-01 23:55:00],825.67,-17.4,2.32,-19.27,9.7,-4.39,38.63,246.39,347.0,111.0,236.0,31.99,-0.01,1.69,-0.8,1000,2,-5,0,-10.0,10,1.6,20,20,312,216,10,50,45
34,[2021-09-01 00:00:00] -> [2021-10-01 23:55:00],853.47,-14.62,2.32,-16.56,10.18,-6.85,42.7,193.92,257.0,97.0,160.0,37.74,-0.01,1.73,-1.06,1000,2,-5,0,-10.0,10,1.6,30,20,312,216,10,50,45
35,[2021-09-01 00:00:00] -> [2021-10-01 23:55:00],901.45,-9.82,2.32,-11.86,12.59,-6.39,40.89,162.33,203.0,78.0,125.0,38.42,0.01,1.93,-1.19,1000,2,-5,0,-10.0,10,1.6,40,20,312,216,10,50,45
36,[2021-09-01 00:00:00] -> [2021-10-01 23:55:00],987.34,-1.23,2.32,-3.47,13.79,-5.52,35.47,190.22,254.0,94.0,160.0,37.01,0.05,1.85,-1.01,1000,2,-5,0,-10.0,10,2.0,20,20,312,216,10,50,45
37,[2021-09-01 00:00:00] -> [2021-10-01 23:55:00],635.26,-36.45,2.32,-37.89,9.81,-7.94,52.34,120.7,194.0,70.0,124.0,36.08,-0.17,1.95,-1.37,1000,2,-5,0,-10.0,10,2.0,30,20,312,216,10,50,45
38,[2021-09-01 00:00:00] -> [2021-10-01 23:55:00],770.57,-22.92,2.32,-24.66,13.38,-6.83,48.95,119.3,166.0,55.0,111.0,33.13,-0.09,2.46,-1.35,1000,2,-5,0,-10.0,10,2.0,40,20,312,216,10,50,45
39,[2021-09-01 00:00:00] -> [2021-10-01 23:55:00],701.72,-29.8,2.32,-31.39,9.02,-6.23,47.27,93.81,149.0,48.0,101.0,32.21,-0.17,2.64,-1.5,1000,2,-5,0,-10.0,10,2.4,20,20,312,216,10,50,45
40,[2021-09-01 00:00:00] -> [2021-10-01 23:55:00],745.19,-25.46,2.32,-27.14,11.64,-7.36,48.05,94.45,128.0,48.0,80.0,37.5,-0.16,2.31,-1.64,1000,2,-5,0,-10.0,10,2.4,30,20,312,216,10,50,45
41,[2021-09-01 00:00:00] -> [2021-10-01 23:55:00],804.49,-19.52,2.32,-21.34,12.65,-5.25,45.64,86.62,112.0,41.0,71.0,36.61,-0.12,2.62,-1.7,1000,2,-5,0,-10.0,10,2.4,40,20,312,216,10,50,45
42,[2021-09-01 00:00:00] -> [2021-10-01 23:55:00],692.16,-30.76,2.32,-32.33,9.68,-12.47,42.87,47.34,77.0,26.0,51.0,33.77,-0.38,3.23,-2.22,1000,2,-5,0,-10.0,10,2.8,20,20,312,216,10,50,45
43,[2021-09-01 00:00:00] -> [2021-10-01 23:55:00],619.98,-37.98,2.32,-39.38,9.24,-9.78,48.91,48.82,75.0,27.0,48.0,36.0,-0.55,2.55,-2.29,1000,2,-5,0,-10.0,10,2.8,30,20,312,216,10,50,45
44,[2021-09-01 00:00:00] -> [2021-10-01 23:55:00],746.14,-25.36,2.32,-27.05,10.79,-7.24,45.95,45.77,62.0,25.0,37.0,40.32,-0.37,2.85,-2.55,1000,2,-5,0,-10.0,10,2.8,40,20,312,216,10,50,45
45,[2021-09-01 00:00:00] -> [2021-10-01 23:55:00],871.03,-12.87,2.32,-14.84,13.04,-3.77,35.27,231.19,342.0,126.0,216.0,36.84,0.01,1.28,-0.73,1000,2,-5,0,-10.0,15,1.2,20,20,312,216,10,50,45
46,[2021-09-01 00:00:00] -> [2021-10-01 23:55:00],809.02,-19.07,2.32,-20.9,11.37,-3.7,40.21,184.51,259.0,91.0,168.0,35.14,-0.03,1.6,-0.92,1000,2,-5,0,-10.0,15,1.2,30,20,312,216,10,50,45
47,[2021-09-01 00:00:00] -> [2021-10-01 23:55:00],623.37,-37.64,2.32,-39.05,10.91,-3.71,46.46,129.95,215.0,67.0,148.0,31.16,-0.17,1.73,-1.03,1000,2,-5,0,-10.0,15,1.2,40,20,312,216,10,50,45
48,[2021-09-01 00:00:00] -> [2021-10-01 23:55:00],785.77,-21.4,2.32,-23.18,9.42,-3.77,34.91,183.13,272.0,96.0,176.0,35.29,-0.04,1.52,-0.89,1000,2,-5,0,-10.0,15,1.6,20,20,312,216,10,50,45
49,[2021-09-01 00:00:00] -> [2021-10-01 23:55:00],667.56,-33.22,2.32,-34.73,10.82,-4.32,47.43,140.94,220.0,75.0,145.0,34.09,-0.13,1.58,-1.02,1000,2,-5,0,-10.0,15,1.6,30,20,312,216,10,50,45
50,[2021-09-01 00:00:00] -> [2021-10-01 23:55:00],680.31,-31.94,2.32,-33.49,11.82,-4.61,48.26,122.41,180.0,58.0,122.0,32.22,-0.16,1.94,-1.15,1000,2,-5,0,-10.0,15,1.6,40,20,312,216,10,50,45
51,[2021-09-01 00:00:00] -> [2021-10-01 23:55:00],819.98,-17.97,2.32,-19.83,13.74,-5.69,39.1,142.34,216.0,75.0,141.0,34.72,-0.04,1.77,-1.0,1000,2,-5,0,-10.0,15,2.0,20,20,312,216,10,50,45
52,[2021-09-01 00:00:00] -> [2021-10-01 23:55:00],591.24,-40.86,2.32,-42.19,11.9,-6.57,52.34,105.64,173.0,57.0,116.0,32.95,-0.25,1.72,-1.21,1000,2,-5,0,-10.0,15,2.0,30,20,312,216,10,50,45
53,[2021-09-01 00:00:00] -> [2021-10-01 23:55:00],724.67,-27.51,2.32,-29.15,13.32,-6.64,51.25,99.42,142.0,45.0,97.0,31.69,-0.16,2.58,-1.43,1000,2,-5,0,-10.0,15,2.0,40,20,312,216,10,50,45
54,[2021-09-01 00:00:00] -> [2021-10-01 23:55:00],511.5,-48.83,2.32,-49.99,9.87,-7.78,61.31,82.24,145.0,40.0,105.0,27.59,-0.39,2.54,-1.51,1000,2,-5,0,-10.0,15,2.4,20,20,312,216,10,50,45
55,[2021-09-01 00:00:00] -> [2021-10-01 23:55:00],676.85,-32.29,2.32,-33.82,11.37,-5.4,50.74,90.52,125.0,44.0,81.0,35.2,-0.25,2.16,-1.55,1000,2,-5,0,-10.0,15,2.4,30,20,312,216,10,50,45
56,[2021-09-01 00:00:00] -> [2021-10-01 23:55:00],641.73,-35.8,2.32,-37.26,11.64,-7.1,52.28,66.28,100.0,34.0,66.0,34.0,-0.37,2.44,-1.81,1000,2,-5,0,-10.0,15,2.4,40,20,312,216,10,50,45
57,[2021-09-01 00:00:00] -> [2021-10-01 23:55:00],828.07,-17.16,2.32,-19.04,9.68,-11.31,34.14,49.17,72.0,24.0,48.0,33.33,-0.16,3.67,-2.08,1000,2,-5,0,-10.0,15,2.8,20,20,312,216,10,50,45
58,[2021-09-01 00:00:00] -> [2021-10-01 23:55:00],590.59,-40.92,2.32,-42.26,11.64,-9.93,47.04,42.86,71.0,25.0,46.0,35.21,-0.65,2.55,-2.38,1000,2,-5,0,-10.0,15,2.8,30,20,312,216,10,50,45
59,[2021-09-01 00:00:00] -> [2021-10-01 23:55:00],685.27,-31.45,2.32,-33.0,13.34,-6.76,46.65,40.32,60.0,21.0,39.0,35.0,-0.51,3.69,-2.78,1000,2,-5,0,-10.0,15,2.8,40,20,312,216,10,50,45
60,[2021-09-01 00:00:00] -> [2021-10-01 23:55:00],1046.62,4.7,2.32,2.33,8.89,-3.1,13.22,155.44,227.0,83.0,144.0,36.56,0.06,1.32,-0.66,1000,2,-5,0,-10.0,20,1.2,20,20,312,216,10,50,45
61,[2021-09-01 00:00:00] -> [2021-10-01 23:55:00],1290.25,29.07,2.32,26.15,8.63,-3.21,15.9,150.37,174.0,70.0,104.0,40.23,0.2,1.71,-0.82,1000,2,-5,0,-10.0,20,1.2,30,20,312,216,10,50,45
62,[2021-09-01 00:00:00] -> [2021-10-01 23:55:00],1286.67,28.71,2.32,25.8,8.72,-4.46,16.62,132.71,147.0,59.0,88.0,40.14,0.23,2.06,-0.99,1000,2,-5,0,-10.0,20,1.2,40,20,312,216,10,50,45
63,[2021-09-01 00:00:00] -> [2021-10-01 23:55:00],1085.07,8.55,2.32,6.09,9.49,-3.1,19.81,142.76,191.0,69.0,122.0,36.13,0.09,1.61,-0.77,1000,2,-5,0,-10.0,20,1.6,20,20,312,216,10,50,45
64,[2021-09-01 00:00:00] -> [2021-10-01 23:55:00],1417.62,41.81,2.32,38.6,8.39,-4.49,14.03,142.45,151.0,65.0,86.0,43.05,0.29,1.97,-0.98,1000,2,-5,0,-10.0,20,1.6,30,20,312,216,10,50,45
65,[2021-09-01 00:00:00] -> [2021-10-01 23:55:00],1156.89,15.73,2.32,13.11,11.99,-5.47,24.17,108.26,126.0,49.0,77.0,38.89,0.18,2.22,-1.12,1000,2,-5,0,-10.0,20,1.6,40,20,312,216,10,50,45
66,[2021-09-01 00:00:00] -> [2021-10-01 23:55:00],1063.94,6.43,2.32,4.02,9.3,-3.8,12.99,120.85,165.0,57.0,108.0,34.55,0.09,1.77,-0.8,1000,2,-5,0,-10.0,20,2.0,20,20,312,216,10,50,45
67,[2021-09-01 00:00:00] -> [2021-10-01 23:55:00],1163.5,16.39,2.32,13.76,11.9,-4.57,19.68,101.11,120.0,49.0,71.0,40.83,0.19,2.08,-1.12,1000,2,-5,0,-10.0,20,2.0,30,20,312,216,10,50,45
68,[2021-09-01 00:00:00] -> [2021-10-01 23:55:00],1180.59,18.1,2.32,15.43,13.04,-4.03,27.51,94.76,106.0,42.0,64.0,39.62,0.23,2.49,-1.26,1000,2,-5,0,-10.0,20,2.0,40,20,312,216,10,50,45
69,[2021-09-01 00:00:00] -> [2021-10-01 23:55:00],1208.48,20.89,2.32,18.15,8.03,-4.01,27.26,91.07,103.0,38.0,65.0,36.89,0.25,2.62,-1.14,1000,2,-5,0,-10.0,20,2.4,20,20,312,216,10,50,45
70,[2021-09-01 00:00:00] -> [2021-10-01 23:55:00],942.65,-5.7,2.32,-7.84,10.66,-4.03,35.87,75.99,94.0,34.0,60.0,36.17,-0.0,2.16,-1.23,1000,2,-5,0,-10.0,20,2.4,30,20,312,216,10,50,45
71,[2021-09-01 00:00:00] -> [2021-10-01 23:55:00],787.99,-21.17,2.32,-22.96,11.35,-4.38,38.9,66.34,89.0,30.0,59.0,33.71,-0.2,2.29,-1.47,1000,2,-5,0,-10.0,20,2.4,40,20,312,216,10,50,45
72,[2021-09-01 00:00:00] -> [2021-10-01 23:55:00],1207.36,20.78,2.32,18.04,10.71,-4.98,22.54,49.18,53.0,21.0,32.0,39.62,0.45,3.78,-1.74,1000,2,-5,0,-10.0,20,2.8,20,20,312,216,10,50,45
73,[2021-09-01 00:00:00] -> [2021-10-01 23:55:00],937.45,-6.22,2.32,-8.35,11.46,-6.74,26.58,44.14,56.0,19.0,37.0,33.93,-0.03,3.32,-1.75,1000,2,-5,0,-10.0,20,2.8,30,20,312,216,10,50,45
74,[2021-09-01 00:00:00] -> [2021-10-01 23:55:00],965.88,-3.38,2.32,-5.57,13.45,-5.11,30.13,37.28,46.0,18.0,28.0,39.13,0.04,3.82,-2.39,1000,2,-5,0,-10.0,20,2.8,40,20,312,216,10,50,45
75,[2021-09-01 00:00:00] -> [2021-10-01 23:55:00],962.09,-3.76,2.32,-5.94,8.98,-3.77,41.95,700.61,880.0,371.0,509.0,42.16,0.04,0.88,-0.58,1000,2,-5,0,0.0,0,1.2,20,20,312,216,10,50,45
76,[2021-09-01 00:00:00] -> [2021-10-01 23:55:00],1016.64,1.7,2.32,-0.6,9.62,-5.11,39.65,678.78,842.0,367.0,475.0,43.59,0.04,0.85,-0.58,1000,2,-5,0,0.0,0,1.2,30,20,312,216,10,50,45
77,[2021-09-01 00:00:00] -> [2021-10-01 23:55:00],1029.79,3.01,2.32,0.68,9.62,-5.05,41.76,689.42,837.0,365.0,472.0,43.61,0.05,0.86,-0.59,1000,2,-5,0,0.0,0,1.2,40,20,312,216,10,50,45
78,[2021-09-01 00:00:00] -> [2021-10-01 23:55:00],1084.17,8.46,2.32,6.0,8.98,-5.06,40.03,716.51,856.0,375.0,481.0,43.81,0.05,0.86,-0.58,1000,2,-5,0,0.0,0,1.6,20,20,312,216,10,50,45
79,[2021-09-01 00:00:00] -> [2021-10-01 23:55:00],1077.52,7.79,2.32,5.35,9.62,-5.05,40.58,684.33,829.0,368.0,461.0,44.39,0.05,0.85,-0.59,1000,2,-5,0,0.0,0,1.6,30,20,312,216,10,50,45
80,[2021-09-01 00:00:00] -> [2021-10-01 23:55:00],1082.71,8.31,2.32,5.86,9.62,-4.37,39.77,683.67,827.0,363.0,464.0,43.89,0.05,0.85,-0.57,1000,2,-5,0,0.0,0,1.6,40,20,312,216,10,50,45
